{
	"credit": "Created by Stridey",
	"textures": {
		"top": "block/copper_door_top",
		"particle": "#bottom",
		"bottom": "block/copper_door_bottom",
		"wax": "block/waxed_copper_door_outline"
	},
	"elements": [
		{
			"from": [0, -0.025, 7],
			"to": [16, 15.975, 10],
			"rotation": {"angle": 0, "axis": "y", "origin": [8, 8, 15]},
			"faces": {
				"north": {"uv": [0, 0, 16, 16], "texture": "#bottom"},
				"east": {"uv": [0, 0, 3, 16], "texture": "#bottom"},
				"south": {"uv": [16, 0, 0, 16], "texture": "#bottom"},
				"west": {"uv": [3, 0, 0, 16], "texture": "#bottom"},
				"down": {"uv": [13, 0, 16, 16], "rotation": 270, "texture": "#bottom"}
			}
		},
		{
			"from": [0, 15.975, 7],
			"to": [16, 31.975, 10],
			"rotation": {"angle": 0, "axis": "y", "origin": [8, 24, 15]},
			"faces": {
				"north": {"uv": [0, 0, 16, 16], "texture": "#top"},
				"east": {"uv": [0, 0, 3, 16], "texture": "#top"},
				"south": {"uv": [16, 0, 0, 16], "texture": "#top"},
				"west": {"uv": [3, 0, 0, 16], "texture": "#top"},
				"up": {"uv": [13, 0, 16, 16], "rotation": 90, "texture": "#bottom"}
			}
		},
		{
			"from": [-0.01, -0.035, 6.99],
			"to": [16.01, 31.985, 10.01],
			"rotation": {"angle": 0, "axis": "y", "origin": [8, 24, 15]},
			"faces": {
				"north": {"uv": [0, 0, 8, 16], "texture": "#wax"},
				"east": {"uv": [8, 0, 9.5, 16], "texture": "#wax"},
				"south": {"uv": [0, 0, 8, 16], "texture": "#wax"},
				"west": {"uv": [8, 0, 9.5, 16], "texture": "#wax"},
				"up": {"uv": [9.5, 0, 11, 8], "rotation": 270, "texture": "#wax"},
				"down": {"uv": [9.5, 0, 11, 8], "rotation": 270, "texture": "#wax"}
			}
		}
	],
	"gui_light": "front",
	"display": {
		"thirdperson_righthand": {
			"rotation": [0, -90, 0],
			"translation": [-1.25, -6.75, 2.75],
			"scale": [0.6, 0.6, 0.5]
		},
		"thirdperson_lefthand": {
			"rotation": [0, -90, 0],
			"translation": [-1.25, -6.75, 2.75],
			"scale": [0.6, 0.6, 0.6]
		},
		"firstperson_righthand": {
			"rotation": [0, 125, 0],
			"translation": [0, -2.25, 0],
			"scale": [0.4, 0.4, 0.4]
		},
		"firstperson_lefthand": {
			"rotation": [0, -64, 0],
			"translation": [0, -3, 0],
			"scale": [0.4, 0.4, 0.4]
		},
		"ground": {
			"translation": [0, 2.5, 0],
			"scale": [0.4, 0.4, 0.4]
		},
		"gui": {
			"rotation": [15, -135, 0],
			"translation": [0, -3.5, 0],
			"scale": [0.45, 0.45, 0.45]
		},
		"fixed": {
			"translation": [0, -3.25, -0.5],
			"scale": [0.4, 0.4, 0.4]
		}
	}
}