{
    "type": "minecraft:fishing",
    "pools": [
      {
        "rolls": 1,
        "bonus_rolls": 0,
        "entries": [
          {
            "type": "minecraft:item",
            "name": "minecraft:gunpowder"
          },
          {
            "type": "minecraft:item",
            "name": "minecraft:dead_bush"
          },
          {
            "type": "minecraft:item",
            "name": "minecraft:cactus"
          },
          {
            "type": "minecraft:item",
            "name": "minecraft:sand"
          },
          {
            "type": "minecraft:item",
            "name": "minecraft:rabbit_hide",
            "functions": [
              {
                "function": "minecraft:set_components",
                "components": {
                  "minecraft:consumable": {},
                  "minecraft:food": {
                    "nutrition": 4,
                    "saturation": 2.5
                  },
                  "minecraft:item_name": "\"Leatherfish Beta\""
                }
              }
            ]
          }
        ]
      }
    ],
    "random_sequence": "minecraft:gameplay/fishing/fish"
  }
  