{
    "description": "Heavy Boots (dev)",
    "supported_items": "minecraft:air",
    "weight": 1,
    "max_level": 1,
    "min_cost": {
      "base": 0,
      "per_level_above_first": 0
    },
    "max_cost": {
      "base": 0,
      "per_level_above_first": 0
    },
    "anvil_cost": 0,
    "slots": [
      "feet"
    ],
    "effects": {
      "minecraft:location_changed": [
        {
          "effect": {
            "type": "minecraft:attribute",
            "id": "heavy_boots_gravity",
            "attribute": "minecraft:generic.gravity",
            "amount": 0.92,
            "operation": "add_value"
          },
          "requirements": {
            "condition": "minecraft:location_check",
            "predicate": {
              "fluid": {
                "fluids": "#minecraft:water"
              }
            }
          }
        }
      ]
    }
  }
  