{
    
    "display": {
        "title": {
            "text": "Biome loot info               "
        },
        "description": {
            "text": "Biomes all across the world have custom fishing loot, check the info book for more!"
        },
        "icon": {
            "id": "minecraft:birch_sapling"
        },
        "frame": "task",
        "show_toast": false,
        "announce_to_chat": false,
        "hidden": false
    },
    "criteria": {
    "requirement": {
      "trigger": "minecraft:impossible"
    }
  },
    "parent": "fishingrework:progression/fishing_info"
}