{
    "type": "minecraft:fishing",
    "pools": [
      {
        "rolls": 1,
        "bonus_rolls": 0,
        "entries": [
          {
            "type": "minecraft:loot_table",
            "value": "fishingrework:gameplay/fishing/biome/underground",
            "weight": 999,
            "conditions": [
              {
                "condition": "minecraft:location_check",
                "predicate": {
                  "position": {
                    "y": {
                      "min": -2,
                      "max": 40
                    }
                  }
                }
              }
            ]
          },
          {
            "type": "minecraft:loot_table",
            "value": "fishingrework:gameplay/fishing/biome/deep_underground",
            "weight": 999,
            "conditions": [
              {
                "condition": "minecraft:location_check",
                "predicate": {
                  "position": {
                    "y": {
                      "min": -999,
                      "max": -3
                    }
                  }
                }
              }
            ]
          },
          {
            "type": "minecraft:loot_table",
            "value": "fishingrework:gameplay/fishing/biome/lush_cave",
            "weight": 999,
            "conditions": [
              {
                "condition": "minecraft:location_check",
                "predicate": {
                  "biomes": "minecraft:lush_caves"
                }
              }
            ]
          },
          {
            "type": "minecraft:loot_table",
            "value": "fishingrework:gameplay/fishing/biome/dripstone_caves",
            "weight": 999,
            "conditions": [
              {
                "condition": "minecraft:location_check",
                "predicate": {
                  "biomes": "minecraft:dripstone_caves"
                }
              }
            ]
          },
          {
            "type": "minecraft:loot_table",
            "value": "fishingrework:gameplay/fishing/biome/deep_dark",
            "weight": 999,
            "conditions": [
              {
                "condition": "minecraft:location_check",
                "predicate": {
                  "biomes": "#fishingrework:deep_dark_waters"
                }
              }
            ]
          },
          {
            "type": "minecraft:loot_table",
            "value": "fishingrework:gameplay/fishing/biome/warm_ocean",
            "weight": 2997,
            "conditions": [
              {
                "condition": "minecraft:location_check",
                "predicate": {
                  "biomes": "#minecraft:has_structure/ocean_ruin_warm"
                }
              }
            ]
          },
          {
            "type": "minecraft:loot_table",
            "value": "fishingrework:gameplay/fishing/biome/oceans",
            "weight": 999,
            "conditions": [
              {
                "condition": "minecraft:location_check",
                "predicate": {
                  "biomes": "#minecraft:is_ocean"
                }
              }
            ]
          },
          {
            "type": "minecraft:loot_table",
            "value": "fishingrework:gameplay/fishing/biome/rivers",
            "weight": 999,
            "conditions": [
              {
                "condition": "minecraft:location_check",
                "predicate": {
                  "biomes": "#minecraft:is_river"
                }
              }
            ]
          },
          {
            "type": "minecraft:loot_table",
            "value": "fishingrework:gameplay/fishing/biome/cold_biomes",
            "weight": 999,
            "conditions": [
              {
                "condition": "minecraft:location_check",
                "predicate": {
                  "biomes": "#fishingrework:cold_waters"
                }
              }
            ]
          },
          {
            "type": "minecraft:loot_table",
            "value": "fishingrework:gameplay/fishing/biome/simple_forest",
            "weight": 999,
            "conditions": [
              {
                "condition": "minecraft:location_check",
                "predicate": {
                  "biomes": "#fishingrework:simple_forest_waters"
                }
              }
            ]
          },
          {
            "type": "minecraft:loot_table",
            "value": "fishingrework:gameplay/fishing/biome/mushroom_island",
            "weight": 999,
            "conditions": [
              {
                "condition": "minecraft:location_check",
                "predicate": {
                  "biomes": "minecraft:mushroom_fields"
                }
              }
            ]
          },
          {
            "type": "minecraft:loot_table",
            "value": "fishingrework:gameplay/fishing/biome/swamp",
            "weight": 999,
            "conditions": [
              {
                "condition": "minecraft:location_check",
                "predicate": {
                  "biomes": "#has_structure/ruined_portal_swamp"
                }
              }
            ]
          },
          {
            "type": "minecraft:loot_table",
            "value": "fishingrework:gameplay/fishing/biome/badlands",
            "weight": 999,
            "conditions": [
              {
                "condition": "minecraft:location_check",
                "predicate": {
                  "biomes": "#fishingrework:badlands_waters"
                }
              }
            ]
          },
          {
            "type": "minecraft:loot_table",
            "value": "fishingrework:gameplay/fishing/biome/desert",
            "weight": 999,
            "conditions": [
              {
                "condition": "minecraft:location_check",
                "predicate": {
                  "biomes": "#minecraft:has_structure/desert_pyramid"
                }
              }
            ]
          },
          {
            "type": "minecraft:loot_table",
            "value": "fishingrework:gameplay/fishing/biome/flower_forest",
            "weight": 999,
            "conditions": [
              {
                "condition": "minecraft:location_check",
                "predicate": {
                  "biomes": "minecraft:flower_forest"
                }
              }
            ]
          },
          {
            "type": "minecraft:loot_table",
            "value": "fishingrework:gameplay/fishing/biome/mountains",
            "weight": 999,
            "conditions": [
              {
                "condition": "minecraft:location_check",
                "predicate": {
                  "biomes": "#fishingrework:mountain_waters"
                }
              }
            ]
          },
          {
            "type": "minecraft:loot_table",
            "value": "fishingrework:gameplay/fishing/biome/end",
            "weight": 999,
            "conditions": [
              {
                "condition": "minecraft:location_check",
                "predicate": {
                  "biomes": "#fishingrework:end_waters"
                }
              }
            ]
          },
          {
            "type": "minecraft:loot_table",
            "value": "fishingrework:gameplay/fishing/biome/jungle",
            "weight": 999,
            "conditions": [
              {
                "condition": "minecraft:location_check",
                "predicate": {
                  "biomes": "#fishingrework:jungle_waters"
                }
              }
            ]
          },
          {
            "type": "minecraft:item",
            "weight": 1,
            "name": "cod"
          }
        ]
      }
    ]
  }
  