{
    "type": "minecraft:fishing",
    "pools": [
      {
        "rolls": 1,
        "bonus_rolls": 0,
        "entries": [
          {
            "type": "minecraft:item",
            "name": "minecraft:snow_block"
          },
          {
            "type": "minecraft:item",
            "name": "minecraft:snowball"
          },
          {
            "type": "minecraft:item",
            "name": "minecraft:ice"
          },
          {
            "type": "minecraft:item",
            "name": "minecraft:powder_snow_bucket"
          },
          {
            "type": "minecraft:item",
            "name": "minecraft:cooked_salmon",
            "weight": 1,
            "functions": [
              {
                "function": "minecraft:set_components",
                "components": {
                  "minecraft:consumable": {},
                  "minecraft:food": {
                    "nutrition": 4,
                    "saturation": 9.6
                  },
                  "minecraft:item_name": "Ice-burned Salmon"
                }
              }
            ]
          },
          {
            "type": "minecraft:item",
            "name": "minecraft:white_candle",
            "weight": 1,
            "functions": [
              {
                "function": "minecraft:set_components",
                "components": {
                  "minecraft:food": {
                    "nutrition": 6,
                    "saturation": 11
                  },
                  "minecraft:item_name": "Pixie-fish"
                }
              }
            ]
          },
          {
            "type": "minecraft:item",
            "name": "minecraft:light_gray_dye",
            "weight": 1,
            "functions": [
              {
                "function": "minecraft:set_components",
                "components": {
                  "minecraft:food": {
                    "nutrition": 8,
                    "saturation": 5
                  },
                  "minecraft:item_name": "Grey iceflump"
                }
              }
            ]
          }
        ]
      }
    ],
    "random_sequence": "minecraft:gameplay/fishing/fish"
  }
  