{
    "type": "minecraft:fishing",
    "pools": [
      {
        "rolls": 1,
        "bonus_rolls": 0,
        "entries": [
          {
            "type": "minecraft:item",
            "name": "minecraft:sea_pickle"
          },
          {
            "type": "minecraft:item",
            "name": "minecraft:horn_coral_block"
          },
          {
            "type": "minecraft:item",
            "name": "minecraft:fire_coral_block"
          },
          {
            "type": "minecraft:item",
            "name": "minecraft:tube_coral_block"
          },
          {
            "type": "minecraft:item",
            "name": "minecraft:brain_coral_block"
          },
          {
            "type": "minecraft:item",
            "name": "minecraft:bubble_coral_block"
          }
        ]
      }
    ],
    "random_sequence": "minecraft:gameplay/fishing/fish"
  }
  