{
    "sources": [
        {
            "type": "directory",
            "source": "entity/boat",
            "prefix": "entity/boat/"
        },
        {
            "type": "directory",
            "source": "entity/signs",
            "prefix": "entity/signs/"
        },
        {
            "type": "directory",
            "source": "entity/chest",
            "prefix": "entity/chest/"
        },
        {
            "type": "directory",
            "source": "entity/chest_boat",
            "prefix": "entity/chest_boat/"
        },
        {
            "type": "single",
            "resource": "entity/minecart"
        },
        {
            "type": "single",
            "resource": "entity/end_crystal/end_crystal"
        },
        {
            "type": "single",
            "resource": "item/wax",
            "sprite": "block/wax"
        },
        {
            "type": "single",
            "resource": "item/waxed_copper_door_outline",
            "sprite": "block/waxed_copper_door_outline"
        }
    ]
}