{
    "sources": [
        {
            "type": "directory",
            "source": "entity/boat",
            "prefix": "entity/boat/"
        },
        {
            "type": "directory",
            "source": "entity/signs",
            "prefix": "entity/signs/"
        },
        {
            "type": "directory",
            "source": "entity/chest",
            "prefix": "entity/chest/"
        },
        {
            "type": "directory",
            "source": "entity/chest_boat",
            "prefix": "entity/chest_boat/"
        },
        {
            "type": "single",
            "resource": "entity/minecart"
        },
        {
            "type": "single",
            "resource": "item/wax",
            "sprite": "block/wax"
        },
        {
            "type": "single",
            "resource": "item/waxed_copper_door_outline",
            "sprite": "block/waxed_copper_door_outline"
        },
        {
            "type": "single",
            "resource": "block/copper_door_sides",
            "sprite": "item/copper_door_sides"
        },
        {
            "type": "single",
            "resource": "block/exposed_copper_door_sides",
            "sprite": "item/exposed_copper_door_sides"
        },
        {
            "type": "single",
            "resource": "block/weathered_copper_door_sides",
            "sprite": "item/weathered_copper_door_sides"
        },
        {
            "type": "single",
            "resource": "block/oxidized_copper_door_sides",
            "sprite": "item/oxidized_copper_door_sides"
        }
    ]
}