{
    "type": "minecraft:chest",
    "pools": [
      {
        "rolls": 8,
        "entries": [
          {
            "type": "minecraft:item",
            "name": "minecraft:beetroot",
            "weight": 10
          },
          {
            "type": "minecraft:item",
            "name": "minecraft:beetroot_soup",
            "weight": 10
          },
          {
            "type": "minecraft:item",
            "name": "minecraft:dried_kelp",
            "weight": 10
          },
          {
            "type": "minecraft:item",
            "name": "minecraft:poisonous_potato",
            "weight": 10
          },
          {
            "type": "minecraft:item",
            "name": "minecraft:mushroom_stew",
            "weight": 6
          },
          {
            "type": "minecraft:item",
            "name": "minecraft:cookie",
            "weight": 10
          },
          {
            "type": "minecraft:item",
            "name": "minecraft:cake",
            "weight": 5
          },
          {
            "type": "minecraft:item",
            "name": "minecraft:apple",
            "weight": 10
          },
          {
            "type": "minecraft:item",
            "name": "minecraft:rabbit_stew",
            "weight": 6
          }
        ]
      }
    ]
  }
  