{
    "type": "minecraft:fishing",
    "pools": [
      {
        "rolls": 1,
        "entries": [
          {
            "type": "minecraft:item",
            "name": "minecraft:leather_boots",
            "functions": [
              {
                "function": "minecraft:set_components",
                "components": {
                  "minecraft:max_damage": 200,
                  "minecraft:attribute_modifiers": [
                    {
                      "id": "luck_fisherman_boots",
                      "type": "minecraft:luck",
                      "amount": 1,
                      "operation": "add_value",
                      "slot": "feet"
                    },
                    {
                      "id": "armor_feet",
                      "type": "minecraft:armor",
                      "amount": 2,
                      "operation": "add_value",
                      "slot": "feet"
                    }
                  ],
                  "minecraft:custom_name": "Fisherman's Boots",
                  "minecraft:trim": {
                    "material": "minecraft:iron",
                    "pattern": "minecraft:tide"
                  }
                }
              }
            ]
          },
          {
            "type": "minecraft:item",
            "name": "minecraft:leather_leggings",
            "functions": [
              {
                "function": "minecraft:set_components",
                "components": {
                  "minecraft:max_damage": 250,
                  "minecraft:attribute_modifiers": [
                    {
                      "id": "luck_fisherman_legs",
                      "type": "minecraft:luck",
                      "amount": 1,
                      "operation": "add_value",
                      "slot": "legs"
                    },
                    {
                      "id": "armor_leggings",
                      "type": "minecraft:armor",
                      "amount": 5,
                      "operation": "add_value",
                      "slot": "legs"
                    }
                  ],
                  "minecraft:custom_name": "Fisherman's Leggings",
                  "minecraft:trim": {
                    "material": "minecraft:iron",
                    "pattern": "minecraft:tide"
                  }
                }
              }
            ],
            "conditions": [
                {
                    "condition": "minecraft:reference",
                    "name": "fishingrework:luck_tier_1"
                }
            ]
          },
          {
            "type": "minecraft:item",
            "name": "minecraft:leather_chestplate",
            "functions": [
              {
                "function": "minecraft:set_components",
                "components": {
                  "minecraft:max_damage": 250,
                  "minecraft:attribute_modifiers": [
                    {
                      "id": "luck_fisherman_chestplate",
                      "type": "minecraft:luck",
                      "amount": 1,
                      "operation": "add_value",
                      "slot": "chest"
                    },
                    {
                      "id": "armor_chestplate",
                      "type": "minecraft:armor",
                      "amount": 7,
                      "operation": "add_value",
                      "slot": "chest"
                    }
                  ],
                  "minecraft:custom_name": "Fisherman's Vest",
                  "minecraft:trim": {
                    "material": "minecraft:iron",
                    "pattern": "minecraft:tide"
                  }
                }
              }
            ],
            "conditions": [
                {
                    "condition": "minecraft:reference",
                    "name": "fishingrework:luck_tier_2"
                }
            ]
          },
          {
            "type": "minecraft:item",
            "name": "minecraft:turtle_helmet",
            "functions": [
              {
                "function": "minecraft:set_components",
                "components": {
                  "minecraft:attribute_modifiers": [
                    {
                      "id": "luck_fisherman_helmet",
                      "type": "minecraft:luck",
                      "amount": 1,
                      "operation": "add_value",
                      "slot": "head"
                    },
                    {
                      "id": "armor_helmet",
                      "type": "minecraft:armor",
                      "amount": 3,
                      "operation": "add_value",
                      "slot": "head"
                    }
                  ],
                  "minecraft:custom_name": "Fisherman's Cap",
                  "minecraft:trim": {
                    "material": "minecraft:copper",
                    "pattern": "minecraft:tide"
                  }
                }
              }
            ],
            "conditions": [
              {
                "condition": "minecraft:reference",
                "name": "fishingrework:luck_tier_3"
              }
            ]
          }
        ]
      }
    ],
    "random_sequence": "minecraft:gameplay/fishing/treasure"
  }
  