{
    "type": "minecraft:fishing",
    "pools": [
      {
        "rolls": 1,
        "entries": [
          {
            "type": "minecraft:item",
            "name": "minecraft:spruce_fence",
            "conditions": [
              {
                "condition": "minecraft:location_check",
                "predicate": {
                  "biomes": "#minecraft:is_taiga"
                }
              }
            ]
          },
          {
            "type": "minecraft:item",
            "name": "minecraft:pale_oak_fence",
            "conditions": [
              {
                "condition": "minecraft:location_check",
                "predicate": {
                  "biomes": "minecraft:pale_garden"
                }
              }
            ]
          },
          {
            "type": "minecraft:item",
            "name": "minecraft:mangrove_fence",
            "conditions": [
              {
                "condition": "minecraft:location_check",
                "predicate": {
                  "biomes": "minecraft:mangrove_swamp"
                }
              }
            ]
          },
          {
            "type": "minecraft:item",
            "name": "minecraft:jungle_fence",
            "conditions": [
              {
                "condition": "minecraft:location_check",
                "predicate": {
                  "biomes": "#fishingrework:jungle_waters"
                }
              }
            ]
          },
          {
            "type": "minecraft:item",
            "name": "minecraft:dark_oak_fence",
            "conditions": [
              {
                "condition": "minecraft:location_check",
                "predicate": {
                  "biomes": "minecraft:dark_forest"
                }
              }
            ]
          },
          {
            "type": "minecraft:item",
            "name": "minecraft:cherry_fence",
            "conditions": [
              {
                "condition": "minecraft:location_check",
                "predicate": {
                  "biomes": "minecraft:cherry_grove"
                }
              }
            ]
          },
          {
            "type": "minecraft:item",
            "name": "minecraft:birch_fence",
            "functions": [],
            "conditions": [
              {
                "condition": "minecraft:location_check",
                "predicate": {
                  "biomes": "#fishingrework:birch_waters"
                }
              }
            ]
          },
          {
            "type": "minecraft:item",
            "name": "minecraft:bamboo_fence",
            "conditions": [
              {
                "condition": "minecraft:location_check",
                "predicate": {
                  "biomes": "#fishingrework:jungle_waters"
                }
              }
            ]
          },
          {
            "type": "minecraft:item",
            "name": "minecraft:acacia_fence",
            "conditions": [
              {
                "condition": "minecraft:location_check",
                "predicate": {
                  "biomes": "#fishingrework:badlands_waters"
                }
              }
            ]
          },
          {
            "type": "minecraft:item",
            "name": "minecraft:oak_fence",
            "conditions": []
          }
        ]
      }
    ],
    "functions": [],
    "random_sequence": "minecraft:gameplay/fishing"
  }