{
    "type": "minecraft:fishing",
    "pools": [
      {
        "rolls": 1,
        "entries": [
          {
            "type": "minecraft:item",
            "name": "minecraft:spruce_log",
            "conditions": [
              {
                "condition": "minecraft:location_check",
                "predicate": {
                  "biomes": "#minecraft:is_taiga"
                }
              }
            ]
          },
          {
            "type": "minecraft:item",
            "name": "minecraft:pale_oak_log",
            "conditions": [
              {
                "condition": "minecraft:location_check",
                "predicate": {
                  "biomes": "minecraft:pale_garden"
                }
              }
            ]
          },
          {
            "type": "minecraft:item",
            "name": "minecraft:mangrove_log",
            "conditions": [
              {
                "condition": "minecraft:location_check",
                "predicate": {
                  "biomes": "minecraft:mangrove_swamp"
                }
              }
            ]
          },
          {
            "type": "minecraft:item",
            "name": "minecraft:jungle_log",
            "conditions": [
              {
                "condition": "minecraft:location_check",
                "predicate": {
                  "biomes": "#minecraft:is_jungle"
                }
              }
            ]
          },
          {
            "type": "minecraft:item",
            "name": "minecraft:dark_oak_log",
            "conditions": [
              {
                "condition": "minecraft:location_check",
                "predicate": {
                  "biomes": "minecraft:dark_forest"
                }
              }
            ]
          },
          {
            "type": "minecraft:item",
            "name": "minecraft:cherry_log",
            "conditions": [
              {
                "condition": "minecraft:location_check",
                "predicate": {
                  "biomes": "minecraft:cherry_grove"
                }
              }
            ]
          },
          {
            "type": "minecraft:item",
            "name": "minecraft:birch_log",
            "conditions": [
              {
                "condition": "minecraft:location_check",
                "predicate": {
                  "biomes": "#fishingrework:birch_waters"
                }
              }
            ]
          },
          {
            "type": "minecraft:item",
            "name": "minecraft:acacia_log",
            "conditions": [
              {
                "condition": "minecraft:location_check",
                "predicate": {
                  "biomes": "#minecraft:is_badlands"
                }
              }
            ]
          },
          {
            "type": "minecraft:item",
            "name": "minecraft:mushroom_stem",
            "conditions": [
              {
                "condition": "minecraft:location_check",
                "predicate": {
                  "biomes": "minecraft:mushroom_fields"
                }
              }
            ]
          },
          {
            "type": "minecraft:item",
            "name": "minecraft:oak_log"
          }
        ]
      }
    ],
    "functions": [],
    "random_sequence": "minecraft:gameplay/fishing"
  }