{
    "type": "minecraft:entity",
    "pools": [
      {
        "rolls": 1,
        "entries": [
          {
            "type": "minecraft:item",
            "name": "minecraft:dragon_breath",
            "weight": 20,
            "functions": [
              {
                "function": "minecraft:enchanted_count_increase",
                "count": {
                  "min": 0,
                  "max": 5
                },
                "enchantment": "minecraft:looting"
              },
              {
                "function": "minecraft:set_count",
                "count": {
                  "min": 1,
                  "max": 5
                }
              }
            ]
          },
          {
            "type": "minecraft:item",
            "name": "minecraft:end_crystal",
            "weight": 1,
            "functions": [
              {
                "function": "minecraft:enchanted_count_increase",
                "count": 1,
                "limit": 1,
                "enchantment": "minecraft:looting"
              },
              {
                "function": "minecraft:set_count",
                "count": {
                  "min": 1,
                  "max": 2
                }
              }
            ]
          }
        ]
      },
      {
        "rolls": 1,
        "entries": [
          {
            "type": "minecraft:item",
            "name": "minecraft:dragon_head"
          }
        ]
      }
    ]
  }