{
    "type": "minecraft:entity",
    "pools": [
      {
        "rolls": 1,
        "bonus_rolls": 0,
        "entries": [
          {
            "type": "minecraft:item",
            "name": "minecraft:coal",
            "functions": [
              {
                "function": "minecraft:set_count",
                "count": {
                  "type": "minecraft:uniform",
                  "min": -1,
                  "max": 4
                },
                "add": false
              },
              {
                "function": "minecraft:enchanted_count_increase",
                "enchantment": "minecraft:looting",
                "count": {
                  "type": "minecraft:uniform",
                  "min": 0,
                  "max": 5
                }
              }
            ]
          }
        ]
      },
      {
        "rolls": 1,
        "bonus_rolls": 0,
        "entries": [
          {
            "type": "minecraft:item",
            "name": "minecraft:bone",
            "functions": [
              {
                "function": "minecraft:set_count",
                "count": {
                  "type": "minecraft:uniform",
                  "min": 2,
                  "max": 4
                },
                "add": false
              },
              {
                "function": "minecraft:enchanted_count_increase",
                "enchantment": "minecraft:looting",
                "count": {
                  "type": "minecraft:uniform",
                  "min": 0,
                  "max": 3
                }
              }
            ]
          }
        ]
      },
      {
        "rolls": 1,
        "bonus_rolls": 0,
        "entries": [
          {
            "type": "minecraft:item",
            "name": "minecraft:wither_skeleton_skull"
          }
        ],
        "conditions": [
          {
            "condition": "minecraft:killed_by_player"
          },
          {
            "condition": "minecraft:random_chance_with_enchanted_bonus",
            "enchantment": "minecraft:looting",
            "unenchanted_chance": 0.25,
            "enchanted_chance": {
              "type": "minecraft:linear",
              "base": 0.03,
              "per_level_above_first": 0.02
            }
          }
        ]
      }
    ],
    "random_sequence": "minecraft:entities/wither_skeleton"
  }
  