{
    "type": "minecraft:fishing",
    "pools": [
      {
        "rolls": 1,
        "bonus_rolls": 0,
        "entries": [
          {
            "type": "minecraft:group",
            "children": [
              {
                "type": "minecraft:item",
                "name": "minecraft:echo_shard",
                "weight": 10,
                "functions": [
                  {
                    "function": "minecraft:set_components",
                    "components": {
                      "minecraft:custom_data": {
                        "fishedcommand": "summon endermite ~ ~ ~ {DeathLootTable:\"fishingrework:entity\/nether_bug_magma\",Health:20f,PlayerSpawned:0b,Passengers:[{id:\"minecraft:block_display\",Tags:[\"frw_cleanup\"],transformation:{left_rotation:[0f,0f,0f,1f],right_rotation:[0f,0f,0f,1f],translation:[-0.45f,-0.5f,-0.45f],scale:[0.9f,0.9f,0.9f]},block_state:{Name:\"minecraft:magma_block\"}}],HandItems:[{id:\"minecraft:stick\",count:1,components:{\"minecraft:enchantments\":{levels:{\"minecraft:fire_aspect\":2}}}},{}],HandDropChances:[0.000F,0.085F],active_effects:[{id:\"minecraft:invisibility\",amplifier:0,duration:-1,show_particles:0b},{id:\"minecraft:absorption\",amplifier:1,duration:20,show_particles:0b},{id:\"minecraft:fire_resistance\",amplifier:0,duration:-1,show_particles:0b}],attributes:[{id:\"minecraft:max_health\",base:20},{id:\"minecraft:scale\",base:2.2}]}"
                      }
                    }
                  }
                ]
              }
            ]
          },
          {
            "type": "minecraft:group",
            "children": [
              {
                "type": "minecraft:item",
                "name": "minecraft:echo_shard",
                "weight": 10,
                "functions": [
                  {
                    "function": "minecraft:set_components",
                    "components": {
                      "minecraft:custom_data": {
                        "fishedcommand": "summon endermite ~ ~ ~ {DeathLootTable:\"fishingrework:entity\/nether_bug_gold\",Health:20f,PlayerSpawned:0b,Passengers:[{id:\"minecraft:block_display\",Tags:[\"frw_cleanup\"],transformation:{left_rotation:[0f,0f,0f,1f],right_rotation:[0f,0f,0f,1f],translation:[-0.45f,-0.5f,-0.45f],scale:[0.9f,0.9f,0.9f]},block_state:{Name:\"minecraft:nether_gold_ore\"}}],active_effects:[{id:\"minecraft:invisibility\",amplifier:0,duration:-1,show_particles:0b},{id:\"minecraft:absorption\",amplifier:1,duration:20,show_particles:0b},{id:\"minecraft:fire_resistance\",amplifier:0,duration:-1,show_particles:0b}],attributes:[{id:\"minecraft:max_health\",base:20},{id:\"minecraft:scale\",base:2.2}]}"
                      }
                    }
                  }
                ]
              },
              {
                "type": "minecraft:item",
                "name": "minecraft:echo_shard",
                "weight": 10,
                "functions": [
                  {
                    "function": "minecraft:set_components",
                    "components": {
                      "minecraft:custom_data": {
                        "fishedcommand": "summon endermite ~ ~ ~ {DeathLootTable:\"fishingrework:entity\/nether_bug_quartz\",Health:20f,PlayerSpawned:0b,Passengers:[{id:\"minecraft:block_display\",Tags:[\"frw_cleanup\"],transformation:{left_rotation:[0f,0f,0f,1f],right_rotation:[0f,0f,0f,1f],translation:[-0.45f,-0.5f,-0.45f],scale:[0.9f,0.9f,0.9f]},block_state:{Name:\"minecraft:nether_quartz_ore\"}}],active_effects:[{id:\"minecraft:invisibility\",amplifier:0,duration:-1,show_particles:0b},{id:\"minecraft:absorption\",amplifier:1,duration:20,show_particles:0b},{id:\"minecraft:fire_resistance\",amplifier:0,duration:-1,show_particles:0b}],attributes:[{id:\"minecraft:max_health\",base:20},{id:\"minecraft:scale\",base:2.2}]}"
                      }
                    }
                  }
                ]
              }
            ],
            "conditions": [
              {
                "condition": "minecraft:reference",
                "name": "fishingrework:luck_tier_1"
              }
            ]
          }
        ]
      }
    ],
    "random_sequence": "minecraft:gameplay/fishing/fish"
  }
  