{
    "type": "minecraft:fishing",
    "pools": [
      {
        "rolls": 1,
        "bonus_rolls": 0,
        "entries": [
          {
            "type": "minecraft:group",
            "children": [
              {
                "type": "minecraft:group",
                "children": [
                  {
                    "type": "minecraft:item",
                    "name": "minecraft:glass_bottle",
                    "weight": 10
                  },
                  {
                    "type": "minecraft:item",
                    "name": "minecraft:tripwire_hook",
                    "weight": 10
                  },
                  {
                    "type": "minecraft:item",
                    "name": "minecraft:cobblestone",
                    "weight": 10
                  },
                  {
                    "type": "minecraft:item",
                    "name": "minecraft:basalt",
                    "weight": 10
                  },
                  {
                    "type": "minecraft:item",
                    "name": "minecraft:blackstone",
                    "weight": 10
                  }
                ]
              },
              {
                "type": "minecraft:group",
                "children": [
                  {
                    "type": "minecraft:item",
                    "name": "minecraft:netherrack",
                    "weight": 10
                  },
                  {
                    "type": "minecraft:item",
                    "name": "minecraft:bucket",
                    "weight": 10
                  },
                  {
                    "type": "minecraft:item",
                    "name": "minecraft:iron_nugget",
                    "weight": 10,
                    "functions": [
                      {
                        "function": "minecraft:set_count",
                        "count": {
                          "min": 3,
                          "max": 7
                        }
                      }
                    ]
                  },
                  {
                    "type": "minecraft:item",
                    "name": "minecraft:iron_boots",
                    "weight": 10,
                    "functions": [
                      {
                        "function": "minecraft:enchant_with_levels",
                        "levels": 5,
                        "options": "#minecraft:on_random_loot"
                      }
                    ]
                  }
                ],
                "conditions": [
                  {
                    "condition": "minecraft:reference",
                    "name": "fishingrework:luck_tier_1"
                  }
                ]
              },
              {
                "type": "minecraft:group",
                "children": [
                  {
                    "type": "minecraft:item",
                    "name": "minecraft:redstone",
                    "weight": 10
                  },
                  {
                    "type": "minecraft:item",
                    "name": "minecraft:book",
                    "weight": 10,
                    "functions": [
                      {
                        "function": "minecraft:enchant_with_levels",
                        "levels": 15,
                        "options": "#minecraft:on_random_loot"
                      }
                    ]
                  },
                  {
                    "type": "minecraft:item",
                    "name": "minecraft:lodestone",
                    "weight": 5
                  }
                ],
                "conditions": [
                  {
                    "condition": "minecraft:reference",
                    "name": "fishingrework:luck_tier_2"
                  }
                ]
              },
              {
                "type": "minecraft:group",
                "children": [
                  {
                    "type": "minecraft:item",
                    "name": "minecraft:skeleton_skull",
                    "weight": 10
                  },
                  {
                    "type": "minecraft:item",
                    "name": "minecraft:crying_obsidian",
                    "weight": 10
                  },
                  {
                    "type": "minecraft:item",
                    "name": "minecraft:obsidian",
                    "weight": 10
                  }
                ],
                "conditions": [
                  {
                    "condition": "minecraft:reference",
                    "name": "fishingrework:luck_tier_3"
                  }
                ]
              }
            ]
          },
          {
            "type": "minecraft:group",
            "children": [
              {
                "type": "minecraft:group",
                "children": [
                  {
                    "type": "minecraft:item",
                    "name": "minecraft:leather",
                    "weight": 10
                  },
                  {
                    "type": "minecraft:item",
                    "name": "minecraft:soul_soil",
                    "weight": 10
                  },
                  {
                    "type": "minecraft:item",
                    "name": "minecraft:warped_fungus_on_a_stick",
                    "weight": 6
                  },
                  {
                    "type": "minecraft:item",
                    "name": "minecraft:shroomlight",
                    "weight": 10
                  }
                ]
              },
              {
                "type": "minecraft:group",
                "children": [
                  {
                    "type": "minecraft:item",
                    "name": "minecraft:bone_block",
                    "weight": 10
                  },
                  {
                    "type": "minecraft:item",
                    "name": "minecraft:golden_axe",
                    "weight": 7,
                    "functions": [
                      {
                        "function": "minecraft:enchant_with_levels",
                        "levels": 35,
                        "options": "#minecraft:on_random_loot"
                      }
                    ]
                  },
                  {
                    "type": "minecraft:item",
                    "name": "minecraft:gold_nugget",
                    "weight": 14,
                    "functions": [
                      {
                        "function": "minecraft:set_count",
                        "count": {
                          "min": 5,
                          "max": 7
                        }
                      }
                    ]
                  }
                ],
                "conditions": [
                  {
                    "condition": "minecraft:reference",
                    "name": "fishingrework:luck_tier_1"
                  }
                ]
              },
              {
                "type": "minecraft:group",
                "children": [
                  {
                    "type": "minecraft:item",
                    "name": "minecraft:soul_sand",
                    "weight": 10
                  },
                  {
                    "type": "minecraft:item",
                    "name": "minecraft:gilded_blackstone",
                    "weight": 10
                  },
                  {
                    "type": "minecraft:item",
                    "name": "minecraft:ender_pearl",
                    "weight": 10
                  },
                  {
                    "type": "minecraft:item",
                    "name": "minecraft:nether_quartz_ore",
                    "weight": 10
                  }
                ],
                "conditions": [
                  {
                    "condition": "minecraft:reference",
                    "name": "fishingrework:luck_tier_2"
                  }
                ]
              },
              {
                "type": "minecraft:group",
                "children": [
                  {
                    "type": "minecraft:item",
                    "name": "minecraft:glowstone_dust",
                    "weight": 10,
                    "functions": [
                      {
                        "function": "minecraft:set_count",
                        "count": {
                          "min": 2,
                          "max": 8
                        }
                      }
                    ]
                  },
                  {
                    "type": "minecraft:item",
                    "name": "minecraft:nether_gold_ore",
                    "weight": 10
                  },
                  {
                    "type": "minecraft:item",
                    "name": "minecraft:piglin_head",
                    "weight": 10
                  }
                ],
                "conditions": [
                  {
                    "condition": "minecraft:reference",
                    "name": "fishingrework:luck_tier_3"
                  }
                ]
              },
              {
                "type": "minecraft:group",
                "children": [
                  {
                    "type": "minecraft:item",
                    "name": "minecraft:respawn_anchor",
                    "weight": 10
                  },
                  {
                    "type": "minecraft:item",
                    "name": "minecraft:ghast_tear",
                    "weight": 10
                  },
                  {
                    "type": "minecraft:item",
                    "name": "minecraft:wither_skeleton_skull",
                    "weight": 5
                  },
                  {
                    "type": "minecraft:item",
                    "name": "minecraft:ancient_debris",
                    "weight": 5
                  }
                ],
                "conditions": [
                  {
                    "condition": "minecraft:reference",
                    "name": "fishingrework:luck_tier_4"
                  }
                ]
              }
            ],
            "conditions": [
              {
                "condition": "minecraft:reference",
                "name": "fishingrework:in_nether_area"
              }
            ]
          }
        ]
      }
    ],
    "random_sequence": "minecraft:gameplay/fishing/junk"
  }
  