{
    "display": {
        "title": {
            "text": "Lava fishing!?                      "
        },
        "description": {
            "text": "The Fireproof Line enchantment (Max Level: 1) lets you fish in lava! The Nether has all the loot, the overworld has some of it."
        },
        "icon": {
            "id": "minecraft:magma_cream"
        },
        "frame": "task",
        "show_toast": true,
        "announce_to_chat": false,
        "hidden": false
    },
    "criteria": {
    "requirement": {
      "trigger": "minecraft:inventory_changed",
      "conditions": {
        "items": [
          {
            "predicates": {
              "minecraft:enchantments": [
                {
                  "enchantments": "fishingrework:fireproof_line",
                  "levels": {
                    "min": 1,
                    "max": 255
                  }
                }
              ]
            }
          }
        ]
      }
    }
    },
    "parent": "fishingrework:enchantment_info/enchantments_root"
}