{
  "display": {
    "icon": {
      "id": "minecraft:player_head"
    },
    "title": "Player Drops Head       ",
    "description": [
      "",
      {
        "text": "Players drop their head when killed by another player\n",
        "color": "white"
      },
      {
        "text": "\n",
        "color": "yellow"
      },
      {
        "text": "Datapack version: ",
        "color": "dark_green"
      },
      {
        "text": "v3.4.1",
        "color": "green"
      },
      {
        "text": "\n",
        "color": "green"
      },
      {
        "text": "Game version: ",
        "color": "dark_green"
      },
      {
        "text": "1.21.6+",
        "color": "green"
      },
      {
        "text": "\n",
        "color": "green"
      },
      {
        "text": "\n",
        "color": "green"
      },
      {
        "text": "modrinth.com/datapack/player-drops-head/versions",
        "color": "dark_purple"
      }
    ],
    "frame": "task",
    "show_toast": false,
    "announce_to_chat": false
  },
  "parent": "jodek:utility",
  "criteria": {
    "tick": {
      "trigger": "minecraft:tick"
    }
  }
}
