{
  "type": "minecraft:entity",
  "pools": [
    {
      "rolls": 1,
      "entries": [
        {
          "type": "minecraft:item",
          "name": "minecraft:player_head",
          "functions": [
            {
              "function": "minecraft:set_name",
              "entity": "this",
              "name": {
                "selector": "@s"
              }
            },
            {
              "function": "minecraft:fill_player_head",
              "entity": "this"
            }
          ],
          "conditions": [
            {
              "condition": "minecraft:value_check",
              "value": {
                "type": "minecraft:score",
                "target": {
                  "type": "minecraft:fixed",
                  "name": "&head_drops"
                },
                "score": "playerdropshead.config"
              },
              "range": 1
            }
          ]
        },
        {
          "type": "minecraft:item",
          "name": "minecraft:player_head",
          "functions": [
            {
              "function": "minecraft:set_name",
              "entity": "this",
              "name": {
                "selector": "@s"
              }
            },
            {
              "function": "minecraft:fill_player_head",
              "entity": "this"
            }
          ],
          "conditions": [
            {
              "condition": "minecraft:value_check",
              "value": {
                "type": "minecraft:score",
                "target": {
                  "type": "minecraft:fixed",
                  "name": "&head_drops"
                },
                "score": "playerdropshead.config"
              },
              "range": 0
            },
            {
              "condition": "minecraft:killed_by_player"
            }
          ]
        }
      ]
    }
  ]
}
