[
    {
      "condition": "minecraft:random_chance_with_enchanted_bonus",
      "enchantment": "minecraft:unbreaking",
      "unenchanted_chance": 0,
      "enchanted_chance": {
        "type": "minecraft:fraction",
        "numerator": {
          "type": "minecraft:linear",
          "base": 1,
          "per_level_above_first": 1
        },
        "denominator": {
          "type": "minecraft:linear",
          "base": 2,
          "per_level_above_first": 1
        }
      }
    }
]
  