{
    "display": {
        "title": {
            "text": "Treasure Hunter tier 3                       "
        },
        "description": {
            "text": "The location-specific crates in this tier are in shipwrecks, nether fortresses, and the nether in general."
        },
        "icon": {
            "id": "minecraft:trapped_chest"
        },
        "frame": "task",
        "show_toast": true,
        "announce_to_chat": false,
        "hidden": false
    },
    "criteria": {
    "requirement": {
      "trigger": "minecraft:impossible"
    }
    },
    "parent": "fishingrework:enchantment_info/treasure_hunter_progression/treasure_t3"
}