{
    "type": "minecraft:fishing",
    "pools": [
      {
        "rolls": 1,
        "bonus_rolls": 0,
        "entries": [
          {
            "type": "minecraft:item",
            "name": "minecraft:lily_pad",
            "weight": 17
          },
          {
            "type": "minecraft:item",
            "name": "minecraft:leather_boots",
            "weight": 10,
            "functions": [
              {
                "function": "minecraft:set_damage",
                "damage": {
                  "type": "minecraft:uniform",
                  "min": 0,
                  "max": 0.9
                },
                "add": false
              }
            ]
          },
          {
            "type": "minecraft:item",
            "name": "minecraft:leather",
            "weight": 10
          },
          {
            "type": "minecraft:item",
            "name": "minecraft:bone",
            "weight": 10
          },
          {
            "type": "minecraft:item",
            "name": "minecraft:potion",
            "weight": 10,
            "functions": [
              {
                "function": "minecraft:set_potion",
                "id": "minecraft:water"
              }
            ]
          },
          {
            "type": "minecraft:item",
            "name": "minecraft:string",
            "weight": 5
          },
          {
            "type": "minecraft:item",
            "name": "minecraft:fishing_rod",
            "weight": 2,
            "functions": [
              {
                "function": "minecraft:set_damage",
                "damage": {
                  "type": "minecraft:uniform",
                  "min": 0,
                  "max": 0.9
                },
                "add": false
              }
            ]
          },
          {
            "type": "minecraft:item",
            "name": "minecraft:bowl",
            "weight": 10
          },
          {
            "type": "minecraft:item",
            "name": "minecraft:stick",
            "weight": 5
          },
          {
            "type": "minecraft:item",
            "name": "minecraft:ink_sac",
            "functions": [
              {
                "function": "minecraft:set_count",
                "count": 10,
                "add": false
              }
            ]
          },
          {
            "type": "minecraft:item",
            "name": "minecraft:tripwire_hook",
            "weight": 10
          },
          {
            "type": "minecraft:item",
            "name": "minecraft:rotten_flesh",
            "weight": 10
          },
          {
            "type": "minecraft:item",
            "name": "minecraft:bamboo",
            "weight": 10,
            "conditions": [
              {
                "condition": "minecraft:location_check",
                "predicate": {
                  "biomes": "#minecraft:is_jungle"
                }
              }
            ]
          },
          {
            "type": "minecraft:item",
            "name": "minecraft:rotten_flesh",
            "functions": [
              {
                "function": "minecraft:set_components",
                "components": {
                  "minecraft:item_name": "Rotten Catch"
                }
              }
            ]
          }
        ]
      }
    ],
    "random_sequence": "minecraft:gameplay/fishing/junk"
  }
  